;Precision;Recall;F1;Support
accordion;1.0;1.0;1.0;6.0
airplanes;0.959302325581;1.0;0.979228486647;165.0
anchor;1.0;0.222222222222;0.363636363636;9.0
