;Precision;Recall;F1;Support
Non;0.739130434783;0.68;0.708333333333;25.0
Oui;0.333333333333;0.4;0.363636363636;10.0
