;Precision;Recall;F1;Support
Non;0.923076923077;0.827586206897;0.872727272727;29.0
Oui;0.444444444444;0.666666666667;0.533333333333;6.0
