;Precision;Recall;F1;Support
Non;0.916666666667;0.6875;0.785714285714;32.0
Oui;0.0909090909091;0.333333333333;0.142857142857;3.0
