;Non;Oui;All
Non;0.48;0.05;0.357142857143
Oui;0.18;0.05;0.142857142857
All;0.66;0.1;0.5
