;Non;Oui;All
Non;0.410714285714;0.357142857143;0.4
Oui;0.0;0.5;0.1
All;0.410714285714;0.857142857143;0.5
