;Precision;Recall;F1;Support
Non;0.666666666667;1.0;0.8;22.0
Oui;1.0;0.153846153846;0.266666666667;13.0
