;Precision;Recall;F1;Support
Non;0.666666666667;0.64;0.65306122449;25.0
Oui;0.181818181818;0.2;0.190476190476;10.0
