;Precision;Recall;F1;Support
Non;0.838709677419;0.928571428571;0.881355932203;28.0
Oui;0.5;0.285714285714;0.363636363636;7.0
