;Non;Oui;All
Non;0.5;0.0;0.371428571429
Oui;0.0576923076923;0.333333333333;0.128571428571
All;0.557692307692;0.333333333333;0.5
