;Non;Oui;All
Non;0.388888888889;0.375;0.385714285714
Oui;0.0;0.5;0.114285714286
All;0.388888888889;0.875;0.5
