;Precision;Recall;F1;Support
Non;0.961538461538;0.862068965517;0.909090909091;29.0
Oui;0.555555555556;0.833333333333;0.666666666667;6.0
