;Non;Oui;All
Non;0.458333333333;0.0909090909091;0.342857142857
Oui;0.0625;0.363636363636;0.157142857143
All;0.520833333333;0.454545454545;0.5
