;Precision;Recall;F1;Support
Non;0.962962962963;0.962962962963;0.962962962963;27.0
Oui;0.875;0.875;0.875;8.0
