;Non;Oui;All
Non;0.42;0.2;0.357142857143
Oui;0.02;0.45;0.142857142857
All;0.44;0.65;0.5
