;Non;Oui;All
Non;0.5;;0.342857142857
Oui;0.229166666667;;0.157142857143
All;0.729166666667;;0.5
