;Precision;Recall;F1;Support
Non;0.909090909091;1.0;0.952380952381;30.0
Oui;1.0;0.4;0.571428571429;5.0
