;Non;Oui;All
Non;0.48;0.05;0.357142857143
Oui;0.04;0.4;0.142857142857
All;0.52;0.45;0.5
