;Non;Oui;All
Non;0.482142857143;0.0714285714286;0.4
Oui;0.125;0.0;0.1
All;0.607142857143;0.0714285714286;0.5
