;Non;Oui;All
Non;0.444444444444;0.1875;0.385714285714
Oui;0.037037037037;0.375;0.114285714286
All;0.481481481481;0.5625;0.5
