;Precision;Recall;F1;Support
Non;0.818181818182;0.692307692308;0.75;26.0
Oui;0.384615384615;0.555555555556;0.454545454545;9.0
