;Non;Oui;All
Non;0.428571428571;0.285714285714;0.4
Oui;0.0357142857143;0.357142857143;0.1
All;0.464285714286;0.642857142857;0.5
