;Non;Oui;All
Non;0.413793103448;0.416666666667;0.414285714286
Oui;0.0344827586207;0.333333333333;0.0857142857143
All;0.448275862069;0.75;0.5
