;Precision;Recall;F1;Support
Non;0.657142857143;1.0;0.793103448276;23.0
Oui;0.0;0.0;0.0;12.0
