;Non;Oui;All
Non;0.446428571429;0.214285714286;0.4
Oui;0.0178571428571;0.428571428571;0.1
All;0.464285714286;0.642857142857;0.5
