;Precision;Recall;F1;Support
Non;0.958333333333;0.92;0.938775510204;25.0
Oui;0.818181818182;0.9;0.857142857143;10.0
