;Precision;Recall;F1;Support
Non;0.875;0.724137931034;0.792452830189;29.0
Oui;0.272727272727;0.5;0.352941176471;6.0
