;Precision;Recall;F1;Support
Non;1.0;0.142857142857;0.25;28.0
Oui;0.225806451613;1.0;0.368421052632;7.0
