;Precision;Recall;F1;Support
Non;1.0;0.769230769231;0.869565217391;26.0
Oui;0.6;1.0;0.75;9.0
