;Precision;Recall;F1;Support
Non;0.851851851852;0.92;0.884615384615;25.0
Oui;0.75;0.6;0.666666666667;10.0
