;Precision;Recall;F1;Support
Non;1.0;0.923076923077;0.96;26.0
Oui;0.818181818182;1.0;0.9;9.0
