;Non;Oui;All
Non;0.5;0.0;0.285714285714
Oui;0.2;0.233333333333;0.214285714286
All;0.7;0.233333333333;0.5
