;Precision;Recall;F1;Support
Non;0.730769230769;0.904761904762;0.808510638298;21.0
Oui;0.777777777778;0.5;0.608695652174;14.0
