;Precision;Recall;F1;Support
Non;0.852941176471;0.966666666667;0.90625;30.0
Oui;0.0;0.0;0.0;5.0
