;Precision;Recall;F1;Support
Non;0.714285714286;1.0;0.833333333333;25.0
Oui;0.0;0.0;0.0;10.0
