;Non;Oui;All
Non;0.483333333333;0.1;0.428571428571
Oui;0.0166666666667;0.4;0.0714285714286
All;0.5;0.5;0.5
