;Non;Oui;All
Non;0.34;0.4;0.357142857143
Oui;0.12;0.2;0.142857142857
All;0.46;0.6;0.5
