;Precision;Recall;F1;Support
Non;0.928571428571;0.866666666667;0.896551724138;30.0
Oui;0.428571428571;0.6;0.5;5.0
