;Non;Oui;All
Non;0.326923076923;0.5;0.371428571429
Oui;0.0769230769231;0.277777777778;0.128571428571
All;0.403846153846;0.777777777778;0.5
