;Precision;Recall;F1;Support
Non;0.875;0.84;0.857142857143;25.0
Oui;0.636363636364;0.7;0.666666666667;10.0
