;Non;Oui;All
Non;0.37037037037;0.4375;0.385714285714
Oui;0.037037037037;0.375;0.114285714286
All;0.407407407407;0.8125;0.5
