;Precision;Recall;F1;Support
Non;1.0;0.666666666667;0.8;27.0
Oui;0.470588235294;1.0;0.64;8.0
