;Non;Oui;All
Non;0.462962962963;0.125;0.385714285714
Oui;0.0925925925926;0.1875;0.114285714286
All;0.555555555556;0.3125;0.5
