;Precision;Recall;F1;Support
Non;0.84;0.875;0.857142857143;24.0
Oui;0.7;0.636363636364;0.666666666667;11.0
