;Precision;Recall;F1;Support
Non;0.965517241379;0.965517241379;0.965517241379;29.0
Oui;0.833333333333;0.833333333333;0.833333333333;6.0
