;Non;Oui;All
Non;0.434782608696;0.125;0.328571428571
Oui;0.0434782608696;0.416666666667;0.171428571429
All;0.478260869565;0.541666666667;0.5
