;Non;Oui;All
Non;0.480769230769;0.0555555555556;0.371428571429
Oui;0.0384615384615;0.388888888889;0.128571428571
All;0.519230769231;0.444444444444;0.5
