;Precision;Recall;F1;Support
Non;0.964285714286;0.9;0.931034482759;30.0
Oui;0.571428571429;0.8;0.666666666667;5.0
