;Non;Oui;All
Non;0.452380952381;0.0714285714286;0.3
Oui;0.0714285714286;0.392857142857;0.2
All;0.52380952381;0.464285714286;0.5
