;Non;Oui;All
Non;0.461538461538;0.111111111111;0.371428571429
Oui;0.0192307692308;0.444444444444;0.128571428571
All;0.480769230769;0.555555555556;0.5
