;Non;Oui;All
Non;0.333333333333;0.5625;0.385714285714
Oui;0.0;0.5;0.114285714286
All;0.333333333333;1.0625;0.5
