;Precision;Recall;F1;Support
Non;0.884615384615;0.92;0.901960784314;25.0
Oui;0.777777777778;0.7;0.736842105263;10.0
