;Precision;Recall;F1;Support
Non;0.739130434783;0.653846153846;0.69387755102;26.0
Oui;0.25;0.333333333333;0.285714285714;9.0
