;Non;Oui;All
Non;0.366666666667;0.8;0.428571428571
Oui;0.0333333333333;0.3;0.0714285714286
All;0.4;1.1;0.5
