;Non;Oui;All
Non;0.4;0.133333333333;0.285714285714
Oui;0.05;0.433333333333;0.214285714286
All;0.45;0.566666666667;0.5
