;Precision;Recall;F1;Support
Non;0.892857142857;0.925925925926;0.909090909091;27.0
Oui;0.714285714286;0.625;0.666666666667;8.0
