;Non;Oui;All
Non;0.5;0.0;0.4
Oui;0.0714285714286;0.214285714286;0.1
All;0.571428571429;0.214285714286;0.5
