;Non;Oui;All
Non;0.5;0.0;0.342857142857
Oui;0.208333333333;0.0454545454545;0.157142857143
All;0.708333333333;0.0454545454545;0.5
