;Precision;Recall;F1;Support
Non;0.628571428571;1.0;0.771929824561;22.0
Oui;0.0;0.0;0.0;13.0
