;Non;Oui;All
Non;0.362068965517;0.666666666667;0.414285714286
Oui;0.0;0.5;0.0857142857143
All;0.362068965517;1.16666666667;0.5
