;Non;Oui;All
Non;0.5;0.0;0.342857142857
Oui;0.125;0.227272727273;0.157142857143
All;0.625;0.227272727273;0.5
