;Precision;Recall;F1;Support
Non;0.766666666667;0.92;0.836363636364;25.0
Oui;0.6;0.3;0.4;10.0
