;Precision;Recall;F1;Support
Non;0.916666666667;0.785714285714;0.846153846154;28.0
Oui;0.454545454545;0.714285714286;0.555555555556;7.0
