;Non;Oui;All
Non;0.434782608696;0.125;0.328571428571
Oui;0.0217391304348;0.458333333333;0.171428571429
All;0.45652173913;0.583333333333;0.5
