;Non;Oui;All
Non;0.4;0.25;0.357142857143
Oui;0.04;0.4;0.142857142857
All;0.44;0.65;0.5
