;Precision;Recall;F1;Support
Non;0.916666666667;0.733333333333;0.814814814815;30.0
Oui;0.272727272727;0.6;0.375;5.0
