;Non;Oui;All
Non;0.410714285714;0.357142857143;0.4
Oui;0.0178571428571;0.428571428571;0.1
All;0.428571428571;0.785714285714;0.5
