;Precision;Recall;F1;Support
Non;0.809523809524;0.653846153846;0.723404255319;26.0
Oui;0.357142857143;0.555555555556;0.434782608696;9.0
