;Precision;Recall;F1;Support
Non;0.909090909091;0.8;0.851063829787;25.0
Oui;0.615384615385;0.8;0.695652173913;10.0
