;Non;Oui;All
Non;0.5;0.0;0.428571428571
Oui;0.05;0.2;0.0714285714286
All;0.55;0.2;0.5
