;Non;Oui;All
Non;0.480769230769;0.0555555555556;0.371428571429
Oui;0.173076923077;0.0;0.128571428571
All;0.653846153846;0.0555555555556;0.5
