;Non;Oui;All
Non;0.44;0.15;0.357142857143
Oui;0.12;0.2;0.142857142857
All;0.56;0.35;0.5
