;Non;Oui;All
Non;0.462962962963;0.125;0.385714285714
Oui;0.0740740740741;0.25;0.114285714286
All;0.537037037037;0.375;0.5
