;Non;Oui;All
Non;0.452380952381;0.0714285714286;0.3
Oui;0.166666666667;0.25;0.2
All;0.619047619048;0.321428571429;0.5
