;Non;Oui;All
Non;0.407407407407;0.3125;0.385714285714
Oui;0.0925925925926;0.1875;0.114285714286
All;0.5;0.5;0.5
