;Non;Oui;All
Non;0.0714285714286;1.71428571429;0.4
Oui;0.0;0.5;0.1
All;0.0714285714286;2.21428571429;0.5
