;Precision;Recall;F1;Support
Non;0.92;0.851851851852;0.884615384615;27.0
Oui;0.6;0.75;0.666666666667;8.0
