;Non;Oui;All
Non;0.4;0.25;0.357142857143
Oui;0.0;0.5;0.142857142857
All;0.4;0.75;0.5
