;Non;Oui;All
Non;0.451612903226;0.375;0.442857142857
Oui;0.0161290322581;0.375;0.0571428571429
All;0.467741935484;0.75;0.5
