;Non;Oui;All
Non;0.458333333333;0.0909090909091;0.342857142857
Oui;0.0416666666667;0.409090909091;0.157142857143
All;0.5;0.5;0.5
