;Non;Oui;All
Non;0.45;0.3;0.428571428571
Oui;0.0166666666667;0.4;0.0714285714286
All;0.466666666667;0.7;0.5
