;Precision;Recall;F1;Support
Non;0.958333333333;0.821428571429;0.884615384615;28.0
Oui;0.545454545455;0.857142857143;0.666666666667;7.0
