;Non;Oui;All
Non;0.454545454545;0.0769230769231;0.314285714286
Oui;0.0681818181818;0.384615384615;0.185714285714
All;0.522727272727;0.461538461538;0.5
