;Precision;Recall;F1;Support
Non;0.909090909091;0.740740740741;0.816326530612;27.0
Oui;0.461538461538;0.75;0.571428571429;8.0
