;Non;Oui;All
Non;0.347826086957;0.291666666667;0.328571428571
Oui;0.130434782609;0.25;0.171428571429
All;0.478260869565;0.541666666667;0.5
