;Precision;Recall;F1;Support
Non;0.95652173913;0.846153846154;0.897959183673;26.0
Oui;0.666666666667;0.888888888889;0.761904761905;9.0
