;Non;Oui;All
Non;0.433333333333;0.4;0.428571428571
Oui;0.0333333333333;0.3;0.0714285714286
All;0.466666666667;0.7;0.5
