;Non;Oui;All
Non;0.380952380952;0.178571428571;0.3
Oui;0.119047619048;0.321428571429;0.2
All;0.5;0.5;0.5
