;Non;Oui;All
Non;0.392857142857;0.428571428571;0.4
Oui;0.0357142857143;0.357142857143;0.1
All;0.428571428571;0.785714285714;0.5
