;Precision;Recall;F1;Support
Non;0.785714285714;0.88;0.830188679245;25.0
Oui;0.571428571429;0.4;0.470588235294;10.0
