;Non;Oui;All
Non;0.4375;0.136363636364;0.342857142857
Oui;0.0833333333333;0.318181818182;0.157142857143
All;0.520833333333;0.454545454545;0.5
