;Precision;Recall;F1;Support
Non;0.958333333333;0.851851851852;0.901960784314;27.0
Oui;0.636363636364;0.875;0.736842105263;8.0
