;Precision;Recall;F1;Support
Non;0.904761904762;0.791666666667;0.844444444444;24.0
Oui;0.642857142857;0.818181818182;0.72;11.0
