;Non;Oui;All
Non;0.5;;0.328571428571
Oui;0.260869565217;;0.171428571429
All;0.760869565217;;0.5
