;Precision;Recall;F1;Support
Non;0.838709677419;0.896551724138;0.866666666667;29.0
Oui;0.25;0.166666666667;0.2;6.0
