;Precision;Recall;F1;Support
Non;0.916666666667;0.916666666667;0.916666666667;24.0
Oui;0.818181818182;0.818181818182;0.818181818182;11.0
