;Non;Oui;All
Non;0.42;0.2;0.357142857143
Oui;0.06;0.35;0.142857142857
All;0.48;0.55;0.5
