;Precision;Recall;F1;Support
Non;0.8;1.0;0.888888888889;24.0
Oui;1.0;0.454545454545;0.625;11.0
