;Precision;Recall;F1;Support
Non;0.96;0.923076923077;0.941176470588;26.0
Oui;0.8;0.888888888889;0.842105263158;9.0
