;Non;Oui;All
Non;0.46;0.1;0.357142857143
Oui;0.06;0.35;0.142857142857
All;0.52;0.45;0.5
