;Precision;Recall;F1;Support
Non;0.933333333333;0.965517241379;0.949152542373;29.0
Oui;0.8;0.666666666667;0.727272727273;6.0
