;Non;Oui;All
Non;0.5;0.0;0.342857142857
Oui;0.0625;0.363636363636;0.157142857143
All;0.5625;0.363636363636;0.5
