;Non;Oui;All
Non;0.384615384615;0.333333333333;0.371428571429
Oui;0.0;0.5;0.128571428571
All;0.384615384615;0.833333333333;0.5
