;Precision;Recall;F1;Support
Non;1.0;0.933333333333;0.965517241379;30.0
Oui;0.714285714286;1.0;0.833333333333;5.0
