;Precision;Recall;F1;Support
Non;0.8;0.714285714286;0.754716981132;28.0
Oui;0.2;0.285714285714;0.235294117647;7.0
