;Precision;Recall;F1;Support
Non;1.0;0.724137931034;0.84;29.0
Oui;0.428571428571;1.0;0.6;6.0
