;Precision;Recall;F1;Support
Non;0.666666666667;0.75;0.705882352941;24.0
Oui;0.25;0.181818181818;0.210526315789;11.0
