;Precision;Recall;F1;Support
Non;0.869565217391;0.909090909091;0.888888888889;22.0
Oui;0.833333333333;0.769230769231;0.8;13.0
