;Precision;Recall;F1;Support
Non;0.821428571429;0.92;0.867924528302;25.0
Oui;0.714285714286;0.5;0.588235294118;10.0
