;Non;Oui;All
Non;0.466666666667;0.2;0.428571428571
Oui;0.0;0.5;0.0714285714286
All;0.466666666667;0.7;0.5
