;Precision;Recall;F1;Support
Non;0.758620689655;0.814814814815;0.785714285714;27.0
Oui;0.166666666667;0.125;0.142857142857;8.0
