;Precision;Recall;F1;Support
Non;0.685714285714;1.0;0.813559322034;24.0
Oui;0.0;0.0;0.0;11.0
