;Precision;Recall;F1;Support
Non;0.735294117647;0.961538461538;0.833333333333;26.0
Oui;0.0;0.0;0.0;9.0
