;Non;Oui;All
Non;0.481481481481;0.0625;0.385714285714
Oui;0.0185185185185;0.4375;0.114285714286
All;0.5;0.5;0.5
