;Precision;Recall;F1;Support
Non;0.888888888889;0.8;0.842105263158;20.0
Oui;0.764705882353;0.866666666667;0.8125;15.0
