;Precision;Recall;F1;Support
Non;1.0;0.777777777778;0.875;27.0
Oui;0.571428571429;1.0;0.727272727273;8.0
