;Precision;Recall;F1;Support
Non;0.809523809524;0.566666666667;0.666666666667;30.0
Oui;0.0714285714286;0.2;0.105263157895;5.0
