;Precision;Recall;F1;Support
Non;0.814814814815;0.916666666667;0.862745098039;24.0
Oui;0.75;0.545454545455;0.631578947368;11.0
