;Precision;Recall;F1;Support
Non;0.862068965517;0.925925925926;0.892857142857;27.0
Oui;0.666666666667;0.5;0.571428571429;8.0
