;Precision;Recall;F1;Support
Non;0.952380952381;0.869565217391;0.909090909091;23.0
Oui;0.785714285714;0.916666666667;0.846153846154;12.0
