;Precision;Recall;F1;Support
Non;0.913043478261;1.0;0.954545454545;21.0
Oui;1.0;0.857142857143;0.923076923077;14.0
