;Precision;Recall;F1;Support
Non;1.0;0.965517241379;0.982456140351;29.0
Oui;0.857142857143;1.0;0.923076923077;6.0
