;Non;Oui;All
Non;0.41935483871;0.625;0.442857142857
Oui;0.0645161290323;0.0;0.0571428571429
All;0.483870967742;0.625;0.5
