;Non;Oui;All
Non;0.5;0.0;0.3
Oui;0.047619047619;0.428571428571;0.2
All;0.547619047619;0.428571428571;0.5
