;Precision;Recall;F1;Support
Non;0.7;0.291666666667;0.411764705882;24.0
Oui;0.32;0.727272727273;0.444444444444;11.0
