;Non;Oui;All
Non;0.357142857143;0.571428571429;0.4
Oui;0.0892857142857;0.142857142857;0.1
All;0.446428571429;0.714285714286;0.5
