;Non;Oui;All
Non;0.48275862069;0.0833333333333;0.414285714286
Oui;0.0172413793103;0.416666666667;0.0857142857143
All;0.5;0.5;0.5
