;Precision;Recall;F1;Support
Non;0.88;0.916666666667;0.897959183673;24.0
Oui;0.8;0.727272727273;0.761904761905;11.0
