;Precision;Recall;F1;Support
Non;0.966666666667;0.966666666667;0.966666666667;30.0
Oui;0.8;0.8;0.8;5.0
