;Non;Oui;All
Non;0.115384615385;1.11111111111;0.371428571429
Oui;0.0;0.5;0.128571428571
All;0.115384615385;1.61111111111;0.5
