;Precision;Recall;F1;Support
Non;0.965517241379;0.903225806452;0.933333333333;31.0
Oui;0.5;0.75;0.6;4.0
