;Non;Oui;All
Non;0.395833333333;0.227272727273;0.342857142857
Oui;0.0416666666667;0.409090909091;0.157142857143
All;0.4375;0.636363636364;0.5
