;Precision;Recall;F1;Support
Non;0.814814814815;0.814814814815;0.814814814815;27.0
Oui;0.375;0.375;0.375;8.0
