;Non;Oui;All
Non;0.425925925926;0.25;0.385714285714
Oui;0.0555555555556;0.3125;0.114285714286
All;0.481481481481;0.5625;0.5
