;Non;Oui;All
Non;0.462962962963;0.125;0.385714285714
Oui;0.0555555555556;0.3125;0.114285714286
All;0.518518518519;0.4375;0.5
