;Precision;Recall;F1;Support
Non;0.806451612903;1.0;0.892857142857;25.0
Oui;1.0;0.4;0.571428571429;10.0
