;Non;Oui;All
Non;0.375;0.272727272727;0.342857142857
Oui;0.1875;0.0909090909091;0.157142857143
All;0.5625;0.363636363636;0.5
