;Non;Oui;All
Non;0.46;0.1;0.357142857143
Oui;0.08;0.3;0.142857142857
All;0.54;0.4;0.5
