;Precision;Recall;F1;Support
Non;0.777777777778;0.807692307692;0.792452830189;26.0
Oui;0.375;0.333333333333;0.352941176471;9.0
