;Non;Oui;All
Non;0.32;0.45;0.357142857143
Oui;0.16;0.1;0.142857142857
All;0.48;0.55;0.5
