;Precision;Recall;F1;Support
Non;0.88;0.846153846154;0.862745098039;26.0
Oui;0.6;0.666666666667;0.631578947368;9.0
