;Precision;Recall;F1;Support
Non;0.884615384615;0.851851851852;0.867924528302;27.0
Oui;0.555555555556;0.625;0.588235294118;8.0
