;Precision;Recall;F1;Support
Non;0.833333333333;0.925925925926;0.877192982456;27.0
Oui;0.6;0.375;0.461538461538;8.0
