;Precision;Recall;F1;Support
Non;0.705882352941;1.0;0.827586206897;24.0
Oui;1.0;0.0909090909091;0.166666666667;11.0
