;Precision;Recall;F1;Support
Non;0.925925925926;0.961538461538;0.943396226415;26.0
Oui;0.875;0.777777777778;0.823529411765;9.0
