;Precision;Recall;F1;Support
Non;0.923076923077;0.857142857143;0.888888888889;28.0
Oui;0.555555555556;0.714285714286;0.625;7.0
