;Precision;Recall;F1;Support
Non;0.863636363636;0.904761904762;0.883720930233;21.0
Oui;0.846153846154;0.785714285714;0.814814814815;14.0
