;Precision;Recall;F1;Support
Non;1.0;0.821428571429;0.901960784314;28.0
Oui;0.583333333333;1.0;0.736842105263;7.0
