;Non;Oui;All
Non;0.46;0.1;0.357142857143
Oui;0.14;0.15;0.142857142857
All;0.6;0.25;0.5
