;Non;Oui;All
Non;0.346153846154;0.444444444444;0.371428571429
Oui;0.0769230769231;0.277777777778;0.128571428571
All;0.423076923077;0.722222222222;0.5
