;Non;Oui;All
Non;0.48275862069;0.0833333333333;0.414285714286
Oui;0.0344827586207;0.333333333333;0.0857142857143
All;0.51724137931;0.416666666667;0.5
