;Non;Oui;All
Non;0.28;0.55;0.357142857143
Oui;0.16;0.1;0.142857142857
All;0.44;0.65;0.5
