;Non;Oui;All
Non;0.453125;0.130434782609;0.367816091954
Oui;0.03515625;0.402173913043;0.132183908046
All;0.48828125;0.532608695652;0.5
