;Precision;Recall;F1;Support
Non;0.5;0.238095238095;0.322580645161;21.0
Oui;0.36;0.642857142857;0.461538461538;14.0
