;Non;Oui;All
Non;0.375;0.5;0.4
Oui;0.0178571428571;0.428571428571;0.1
All;0.392857142857;0.928571428571;0.5
