;Non;Oui;All
Non;0.5;0.0;0.357142857143
Oui;0.12;0.2;0.142857142857
All;0.62;0.2;0.5
