;Non;Oui;All
Non;0.362068965517;0.666666666667;0.414285714286
Oui;0.051724137931;0.25;0.0857142857143
All;0.413793103448;0.916666666667;0.5
