;Non;Oui;All
Non;0.5;;0.457142857143
Oui;0.046875;;0.0428571428571
All;0.546875;;0.5
