;Non;Oui;All
Non;0.5;0.0;0.385057471264
Oui;0.14552238806;0.0125;0.114942528736
All;0.64552238806;0.0125;0.5
