;Precision;Recall;F1;Support
Non;0.923076923077;0.888888888889;0.905660377358;27.0
Oui;0.666666666667;0.75;0.705882352941;8.0
