;Non;Oui;All
Non;0.477272727273;0.0384615384615;0.314285714286
Oui;0.272727272727;0.0384615384615;0.185714285714
All;0.75;0.0769230769231;0.5
