;Non;Oui;All
Non;0.479166666667;0.0454545454545;0.342857142857
Oui;0.208333333333;0.0454545454545;0.157142857143
All;0.6875;0.0909090909091;0.5
