;Precision;Recall;F1;Support
Non;0.794117647059;0.964285714286;0.870967741935;28.0
Oui;0.0;0.0;0.0;7.0
