;Precision;Recall;F1;Support
Non;1.0;0.88;0.936170212766;25.0
Oui;0.769230769231;1.0;0.869565217391;10.0
