;Precision;Recall;F1;Support
Non;0.875;0.965517241379;0.918032786885;29.0
Oui;0.666666666667;0.333333333333;0.444444444444;6.0
