;Precision;Recall;F1;Support
Non;0.69696969697;0.958333333333;0.80701754386;24.0
Oui;0.5;0.0909090909091;0.153846153846;11.0
