;Precision;Recall;F1;Support
Non;0.5;0.260869565217;0.342857142857;23.0
Oui;0.260869565217;0.5;0.342857142857;12.0
