;Non;Oui;All
Non;0.423076923077;0.222222222222;0.371428571429
Oui;0.0;0.5;0.128571428571
All;0.423076923077;0.722222222222;0.5
