;Precision;Recall;F1;Support
Non;0.774566473988;1.0;0.872964169381;134.0
Oui;1.0;0.025;0.0487804878049;40.0
