;Precision;Recall;F1;Support
Non;1.0;0.846153846154;0.916666666667;26.0
Oui;0.692307692308;1.0;0.818181818182;9.0
