;Non;Oui;All
Non;0.464285714286;0.09375;0.362068965517
Oui;0.0396825396825;0.395833333333;0.137931034483
All;0.503968253968;0.489583333333;0.5
