;Precision;Recall;F1;Support
Non;0.913043478261;0.875;0.893617021277;24.0
Oui;0.75;0.818181818182;0.782608695652;11.0
