;Non;Oui;All
Non;0.407407407407;0.3125;0.385714285714
Oui;0.0;0.5;0.114285714286
All;0.407407407407;0.8125;0.5
