;Precision;Recall;F1;Support
Non;0.956140350877;0.813432835821;0.879032258065;134.0
Oui;0.583333333333;0.875;0.7;40.0
