;Precision;Recall;F1;Support
Non;0.928;0.90625;0.916996047431;128.0
Oui;0.755102040816;0.804347826087;0.778947368421;46.0
