;Precision;Recall;F1;Support
Non;0.961538461538;0.892857142857;0.925925925926;28.0
Oui;0.666666666667;0.857142857143;0.75;7.0
