;Non;Oui;All
Non;0.461538461538;0.111111111111;0.371428571429
Oui;0.0576923076923;0.333333333333;0.128571428571
All;0.519230769231;0.444444444444;0.5
