;Non;Oui;All
Non;0.40671641791;0.3125;0.385057471264
Oui;0.0186567164179;0.4375;0.114942528736
All;0.425373134328;0.75;0.5
