;Precision;Recall;F1;Support
Non;0.666666666667;0.95652173913;0.785714285714;23.0
Oui;0.5;0.0833333333333;0.142857142857;12.0
