;Precision;Recall;F1;Support
Non;0.866666666667;0.838709677419;0.852459016393;31.0
Oui;0.0;0.0;0.0;4.0
