;Precision;Recall;F1;Support
Non;0.884615384615;0.884615384615;0.884615384615;26.0
Oui;0.666666666667;0.666666666667;0.666666666667;9.0
