;Non;Oui;All
Non;0.333333333333;0.5625;0.385714285714
Oui;0.0925925925926;0.1875;0.114285714286
All;0.425925925926;0.75;0.5
