;Precision;Recall;F1;Support
Non;0.951612903226;0.887218045113;0.918287937743;133.0
Oui;0.7;0.853658536585;0.769230769231;41.0
