;Precision;Recall;F1;Support
Non;0.875;1.0;0.933333333333;28.0
Oui;1.0;0.428571428571;0.6;7.0
