;Non;Oui;All
Non;0.391304347826;0.208333333333;0.328571428571
Oui;0.0869565217391;0.333333333333;0.171428571429
All;0.478260869565;0.541666666667;0.5
