;Non;Oui;All
Non;0.283333333333;1.3;0.428571428571
Oui;0.0666666666667;0.1;0.0714285714286
All;0.35;1.4;0.5
