;Precision;Recall;F1;Support
Non;0.896551724138;1.0;0.945454545455;26.0
Oui;1.0;0.666666666667;0.8;9.0
