;Non;Oui;All
Non;0.423076923077;0.222222222222;0.371428571429
Oui;0.0576923076923;0.333333333333;0.128571428571
All;0.480769230769;0.555555555556;0.5
