;Non;Oui;All
Non;0.478260869565;0.0416666666667;0.328571428571
Oui;0.239130434783;0.0416666666667;0.171428571429
All;0.717391304348;0.0833333333333;0.5
