;Non;Oui;All
Non;0.443609022556;0.182926829268;0.382183908046
Oui;0.0225563909774;0.426829268293;0.117816091954
All;0.466165413534;0.609756097561;0.5
