;Non;Oui;All
Non;0.48275862069;0.0833333333333;0.414285714286
Oui;0.0689655172414;0.166666666667;0.0857142857143
All;0.551724137931;0.25;0.5
