;Non;Oui;All
Non;0.448275862069;0.25;0.414285714286
Oui;0.0862068965517;0.0833333333333;0.0857142857143
All;0.534482758621;0.333333333333;0.5
