;Precision;Recall;F1;Support
Non;1.0;0.8125;0.896551724138;32.0
Oui;0.333333333333;1.0;0.5;3.0
