;Non;Oui;All
Non;0.3;0.5;0.357142857143
Oui;0.0;0.5;0.142857142857
All;0.3;1.0;0.5
