;Precision;Recall;F1;Support
Non;1.0;0.8;0.888888888889;25.0
Oui;0.666666666667;1.0;0.8;10.0
