;Non;Oui;All
Non;0.5;;0.385714285714
Oui;0.148148148148;;0.114285714286
All;0.648148148148;;0.5
