;Non;Oui;All
Non;0.425925925926;0.25;0.385714285714
Oui;0.0185185185185;0.4375;0.114285714286
All;0.444444444444;0.6875;0.5
