;Non;Oui;All
Non;0.145833333333;0.772727272727;0.342857142857
Oui;0.0625;0.363636363636;0.157142857143
All;0.208333333333;1.13636363636;0.5
