;Non;Oui;All
Non;0.119047619048;0.571428571429;0.3
Oui;0.119047619048;0.321428571429;0.2
All;0.238095238095;0.892857142857;0.5
