;Precision;Recall;F1;Support
Non;1.0;0.230769230769;0.375;26.0
Oui;0.310344827586;1.0;0.473684210526;9.0
