;Non;Oui;All
Non;0.473684210526;0.03125;0.271428571429
Oui;0.342105263158;0.09375;0.228571428571
All;0.815789473684;0.125;0.5
