;Precision;Recall;F1;Support
Non;0.727272727273;0.695652173913;0.711111111111;23.0
Oui;0.461538461538;0.5;0.48;12.0
