;Precision;Recall;F1;Support
Non;0.818181818182;0.782608695652;0.8;23.0
Oui;0.615384615385;0.666666666667;0.64;12.0
