;Non;Oui;All
Non;0.326923076923;0.5;0.371428571429
Oui;0.115384615385;0.166666666667;0.128571428571
All;0.442307692308;0.666666666667;0.5
