;Non;Oui;All
Non;0.403846153846;0.277777777778;0.371428571429
Oui;0.115384615385;0.166666666667;0.128571428571
All;0.519230769231;0.444444444444;0.5
