;Non;Oui;All
Non;0.407407407407;0.3125;0.385714285714
Oui;0.037037037037;0.375;0.114285714286
All;0.444444444444;0.6875;0.5
