;Precision;Recall;F1;Support
Non;0.727272727273;0.96;0.827586206897;25.0
Oui;0.5;0.1;0.166666666667;10.0
