;Precision;Recall;F1;Support
Non;0.761904761905;0.761904761905;0.761904761905;21.0
Oui;0.642857142857;0.642857142857;0.642857142857;14.0
