;Precision;Recall;F1;Support
Non;0.58064516129;0.947368421053;0.72;19.0
Oui;0.75;0.1875;0.3;16.0
