;Precision;Recall;F1;Support
Non;0.771428571429;1.0;0.870967741935;27.0
Oui;0.0;0.0;0.0;8.0
