;Precision;Recall;F1;Support
Non;0.714285714286;1.0;0.833333333333;20.0
Oui;1.0;0.466666666667;0.636363636364;15.0
