;Non;Oui;All
Non;0.34375;1.66666666667;0.457142857143
Oui;0.03125;0.166666666667;0.0428571428571
All;0.375;1.83333333333;0.5
