;Non;Oui;All
Non;0.4375;0.136363636364;0.342857142857
Oui;0.0416666666667;0.409090909091;0.157142857143
All;0.479166666667;0.545454545455;0.5
