;Precision;Recall;F1;Support
Non;0.92125984252;0.928571428571;0.924901185771;126.0
Oui;0.808510638298;0.791666666667;0.8;48.0
