;Non;Oui;All
Non;0.5;0.0;0.385714285714
Oui;0.0925925925926;0.1875;0.114285714286
All;0.592592592593;0.1875;0.5
