;Precision;Recall;F1;Support
Non;0.961538461538;0.961538461538;0.961538461538;26.0
Oui;0.888888888889;0.888888888889;0.888888888889;9.0
