;Precision;Recall;F1;Support
Non;0.782608695652;0.666666666667;0.72;27.0
Oui;0.25;0.375;0.3;8.0
