;Precision;Recall;F1;Support
Non;0.914285714286;1.0;0.955223880597;32.0
Oui;0.0;0.0;0.0;3.0
