;Precision;Recall;F1;Support
Non;0.636363636364;0.56;0.595744680851;25.0
Oui;0.153846153846;0.2;0.173913043478;10.0
