;Non;Oui;All
Non;0.407407407407;0.3125;0.385714285714
Oui;0.12962962963;0.0625;0.114285714286
All;0.537037037037;0.375;0.5
