;Non;Oui;All
Non;0.464285714286;0.142857142857;0.4
Oui;0.0892857142857;0.142857142857;0.1
All;0.553571428571;0.285714285714;0.5
