;Precision;Recall;F1;Support
Non;0.869565217391;0.8;0.833333333333;25.0
Oui;0.583333333333;0.7;0.636363636364;10.0
