;Precision;Recall;F1;Support
Non;0.954545454545;0.84;0.893617021277;25.0
Oui;0.692307692308;0.9;0.782608695652;10.0
