;Non;Oui;All
Non;0.5;;0.314285714286
Oui;0.295454545455;;0.185714285714
All;0.795454545455;;0.5
