;Non;Oui;All
Non;0.5;0.0;0.314285714286
Oui;0.25;0.0769230769231;0.185714285714
All;0.75;0.0769230769231;0.5
