;Precision;Recall;F1;Support
Non;0.925925925926;0.925925925926;0.925925925926;27.0
Oui;0.75;0.75;0.75;8.0
