;Precision;Recall;F1;Support
Non;0.888888888889;1.0;0.941176470588;24.0
Oui;1.0;0.727272727273;0.842105263158;11.0
