;Precision;Recall;F1;Support
Non;1.0;0.814814814815;0.897959183673;27.0
Oui;0.615384615385;1.0;0.761904761905;8.0
