;Precision;Recall;F1;Support
Non;0.954545454545;0.75;0.84;28.0
Oui;0.461538461538;0.857142857143;0.6;7.0
