;Precision;Recall;F1;Support
Non;0.962962962963;0.866666666667;0.912280701754;30.0
Oui;0.5;0.8;0.615384615385;5.0
