;Precision;Recall;F1;Support
Non;0.84375;1.0;0.915254237288;27.0
Oui;1.0;0.375;0.545454545455;8.0
