;Precision;Recall;F1;Support
Non;0.636363636364;0.954545454545;0.763636363636;22.0
Oui;0.5;0.0769230769231;0.133333333333;13.0
