;Non;Oui;All
Non;0.40625;1.0;0.457142857143
Oui;0.0;0.5;0.0428571428571
All;0.40625;1.5;0.5
