;Non;Oui;All
Non;0.461538461538;0.111111111111;0.371428571429
Oui;0.0;0.5;0.128571428571
All;0.461538461538;0.611111111111;0.5
