;Non;Oui;All
Non;0.423076923077;0.222222222222;0.371428571429
Oui;0.0192307692308;0.444444444444;0.128571428571
All;0.442307692308;0.666666666667;0.5
