;Non;Oui;All
Non;0.130434782609;0.708333333333;0.328571428571
Oui;0.130434782609;0.25;0.171428571429
All;0.260869565217;0.958333333333;0.5
